Date,All,O+,O-,B+,B-,A+,A-,AB+,AB-
12/1/2017,51,14,0,17,0,17,0,3,0
12/2/2017,32,11,0,4,0,13,0,4,0
12/3/2017,69,16,0,25,0,14,0,14,0
12/4/2017,49,10,0,23,0,11,0,5,0
12/5/2017,38,4,0,20,0,12,0,2,0
12/6/2017,77,22,0,28,0,20,0,7,0
12/7/2017,38,13,0,13,0,11,0,1,0
12/8/2017,63,9,0,24,0,21,0,9,0
12/9/2017,61,15,0,19,0,20,0,7,0
12/10/2017,66,21,0,14,0,26,0,5,0
12/11/2017,65,17,0,21,0,19,1,7,0
12/12/2017,78,23,0,19,0,25,0,11,0
12/13/17,72,19,0,23,0,20,0,10,0
12/14/17,47,8,0,18,0,14,0,7,0
12/15/17,34,11,0,12,0,5,0,6,0
12/16/17,59,18,0,12,0,22,0,7,0
12/17/17,50,8,0,19,0,15,0,8,0
12/18/17,48,13,0,12,0,16,0,7,0
12/19/17,57,13,0,17,0,20,0,7,0
12/20/17,51,18,1,12,0,15,0,5,0
12/21/17,72,14,0,25,0,22,0,11,0
12/22/17,58,15,0,15,0,21,0,6,1
12/23/17,66,14,0,24,0,18,0,10,0
12/24/17,58,15,0,21,0,14,0,8,0
12/25/17,64,15,0,22,0,20,0,7,0
12/26/17,38,11,0,13,0,10,0,4,0
12/27/17,64,25,0,11,0,20,0,8,0
12/28/17,68,20,0,20,0,19,0,9,0
12/29/17,43,9,0,17,0,16,0,1,0
12/30/17,35,9,0,14,0,7,0,5,0
12/31/17,38,8,1,11,0,13,0,5,0
1/1/2018,33,9,0,9,1,11,0,3,0
1/2/2018,60,13,0,16,0,21,0,10,0
1/3/2018,56,12,0,20,1,13,0,10,0
1/4/2018,45,5,0,13,0,15,0,12,0
1/5/2018,42,9,0,18,0,13,0,2,0
1/6/2018,56,19,0,11,0,20,0,6,0
1/7/2018,30,8,0,5,0,12,0,5,0
1/8/2018,52,17,0,13,1,13,1,7,0
1/9/2018,61,18,0,25,0,8,0,10,0
1/10/2018,67,16,0,20,0,23,0,8,0
1/11/2018,40,11,0,14,0,9,0,6,0
1/12/2018,34,8,0,10,0,11,0,5,0
01/13/18,60,13,0,24,0,14,0,9,0
01/14/18,33,13,0,9,0,11,0,0,0
01/15/18,39,7,0,10,0,19,0,3,0
01/16/18,65,14,0,20,0,24,0,7,0
01/17/18,51,14,0,17,0,17,0,3,0
01/18/18,32,11,0,4,0,13,0,4,0
01/19/18,69,16,0,25,0,14,0,14,0
01/20/18,49,10,0,23,0,11,0,5,0
01/21/18,75,22,0,18,0,27,0,8,0
01/22/18,71,22,0,21,0,24,0,4,0
01/23/18,39,10,0,13,0,12,0,4,0
01/24/18,31,8,0,10,0,13,0,0,0
01/25/18,58,14,0,17,0,21,0,6,0
01/26/18,70,18,0,23,0,15,0,14,0
01/27/18,66,18,0,17,1,26,0,4,0
01/28/18,45,15,0,12,0,14,0,4,0
1/29/2018,36,11,0,8,0,16,0,1,0
1/30/2018,47,17,0,15,0,10,0,5,0
1/31/2018,78,17,0,28,0,25,0,8,0
2/1/2018,38,11,0,9,0,12,0,6,0
2/2/2018,50,13,0,14,0,15,0,8,0
2/3/2018,56,19,0,17,0,17,0,3,0
2/4/2018,53,17,0,17,0,14,0,5,0
2/5/2018,68,12,0,19,0,27,0,10,0
2/6/2018,33,7,0,13,0,8,0,5,0
2/7/2018,32,12,0,7,0,9,0,4,0
2/8/2018,64,18,0,21,0,20,0,5,0
2/9/2018,40,15,0,7,0,15,0,3,0
02/10/18,69,14,0,31,0,18,0,6,0
02/11/18,48,19,1,12,0,14,0,2,0
02/12/18,42,16,0,8,0,12,0,6,0
02/13/18,73,24,0,21,0,22,0,6,0
02/14/18,73,22,0,22,0,16,0,13,0
02/15/18,78,19,0,18,0,29,0,12,0
02/16/18,58,20,0,13,0,22,0,3,0
02/17/18,49,12,0,14,0,17,0,6,0
02/18/18,30,7,0,6,0,15,0,2,0
02/19/18,73,29,0,15,0,24,0,5,0
02/20/18,43,7,0,13,0,18,0,5,0
02/21/18,51,9,1,19,0,20,0,2,0
02/22/18,67,28,0,11,0,21,0,7,0
02/23/18,77,22,0,17,0,23,0,14,1
02/24/18,78,20,0,32,0,21,0,5,0
02/25/18,45,13,0,9,0,20,0,3,0
02/26/18,69,14,0,23,0,25,0,7,0
02/27/18,64,15,0,21,0,18,1,9,0
02/28/18,36,10,0,9,0,13,0,4,0
3/1/2018,50,13,0,16,0,14,0,7,0
3/2/2018,32,13,0,5,0,10,0,4,0
3/3/2018,34,6,0,9,0,14,0,5,0
3/4/2018,61,15,0,17,0,20,0,9,0
3/5/2018,52,17,0,16,0,14,0,5,0
3/6/2018,62,14,0,16,0,28,0,4,0
3/7/2018,60,13,0,15,0,26,0,6,0
3/8/2018,65,18,0,21,0,20,0,6,0
3/9/2018,39,8,0,10,0,16,0,5,0
3/10/2018,62,22,0,20,0,15,0,5,0
3/11/2018,76,27,1,16,1,22,0,9,0
3/12/2018,50,19,0,17,0,12,0,2,0
03/13/18,77,18,0,20,0,30,0,9,0
03/14/18,44,8,0,11,0,17,0,8,0
03/15/18,39,12,0,12,0,11,0,4,0
03/16/18,45,9,0,9,0,18,0,9,0
03/17/18,41,13,0,8,0,12,1,7,0
03/18/18,36,10,0,11,0,13,0,2,0
03/19/18,49,13,0,17,0,14,0,4,1
03/20/18,34,14,0,8,0,10,0,2,0
03/21/18,61,20,0,9,0,27,0,5,0
03/22/18,43,10,0,14,0,14,0,5,0
03/23/18,73,27,0,24,0,16,0,6,0
03/24/18,56,17,0,21,0,13,0,5,0
03/25/18,31,11,0,13,0,6,0,1,0
03/26/18,46,13,0,9,0,19,0,5,0
03/27/18,55,25,0,15,0,10,0,5,0
03/28/18,70,18,0,22,0,20,0,10,0
03/29/18,61,18,0,21,0,14,1,7,0
03/30/18,63,18,1,21,0,19,0,4,0
3/31/2018,75,15,0,30,0,20,0,10,0
4/1/2018,32,9,0,11,0,12,0,0,0
4/2/2018,40,6,0,18,1,11,0,4,0
4/3/2018,32,10,0,8,1,12,0,1,0
4/4/2018,36,11,0,10,0,9,0,6,0
4/5/2018,39,14,0,8,0,13,0,4,0
4/6/2018,39,5,0,16,0,17,0,1,0
4/7/2018,67,13,0,26,0,19,0,9,0
4/8/2018,71,21,0,20,0,23,0,7,0
4/9/2018,50,14,0,18,0,13,0,5,0
4/10/2018,77,20,0,25,0,24,0,8,0
4/11/2018,42,16,0,11,0,10,0,5,0
04/12/18,44,9,0,17,0,13,0,5,0
04/13/18,49,12,0,18,0,16,0,3,0
04/14/18,33,9,0,8,0,10,0,6,0
04/15/18,77,17,0,29,0,19,0,12,0
04/16/18,65,18,0,18,0,18,0,11,0
04/17/18,67,19,0,23,0,18,0,7,0
04/18/18,58,13,0,20,0,19,0,6,0
04/19/18,34,10,0,13,0,2,1,8,0
04/20/18,46,10,0,11,0,16,0,9,0
04/21/18,41,13,0,15,0,10,0,3,0
04/22/18,74,20,0,20,0,26,0,8,0
04/23/18,42,16,0,9,0,13,0,4,0
04/24/18,41,11,0,11,0,12,0,7,0
04/25/18,73,16,0,24,0,21,0,12,0
04/26/18,35,8,0,7,1,14,0,5,0
04/27/18,66,20,0,16,0,19,0,11,0
04/28/18,39,11,0,11,0,8,0,9,0
04/29/18,67,20,0,14,0,23,1,9,0
04/30/18,50,10,0,17,0,15,0,8,0
5/1/2018,36,10,0,14,0,9,0,3,0
5/2/2018,69,16,0,21,0,22,0,10,0
5/3/2018,62,24,0,15,0,22,0,1,0
5/4/2018,62,19,0,17,0,15,0,11,0
5/5/2018,77,24,0,22,0,22,1,8,0
5/6/2018,44,13,0,16,0,9,0,6,0
5/7/2018,47,12,0,15,0,12,0,8,0
5/8/2018,41,9,0,14,0,11,0,7,0
5/9/2018,61,21,0,16,0,15,0,9,0
5/10/2018,39,9,0,16,0,12,0,2,0
5/11/2018,62,24,0,14,0,20,0,4,0
5/12/2018,79,23,0,23,0,21,0,12,0
05/13/18,54,14,0,14,0,20,0,6,0
05/14/18,31,8,0,11,0,7,0,4,1
05/15/18,30,7,0,10,0,10,0,3,0
05/16/18,80,14,0,26,0,30,0,10,0
05/17/18,39,12,0,13,0,11,0,2,1
05/18/18,69,18,0,22,0,18,0,11,0
05/19/18,59,9,0,20,0,24,0,6,0
05/20/18,46,17,0,15,0,11,0,3,0
05/21/18,62,19,0,16,0,23,0,4,0
05/22/18,70,26,0,21,0,16,0,7,0
05/23/18,64,19,0,16,0,18,0,11,0
05/24/18,78,30,0,13,0,27,0,8,0
05/25/18,57,17,0,21,0,13,1,5,0
05/26/18,30,10,0,12,0,7,0,1,0
05/27/18,32,8,0,14,0,9,0,1,0
05/28/18,45,16,0,9,0,19,0,1,0
05/29/18,42,12,0,7,0,16,0,7,0
05/30/18,44,9,0,10,0,20,0,5,0
5/31/2018,40,13,0,11,0,12,0,4,0
6/1/2018,47,18,0,15,0,10,0,4,0
6/2/2018,34,8,0,10,0,8,0,8,0
6/3/2018,46,12,0,19,0,11,0,4,0
6/4/2018,55,13,0,14,0,22,0,6,0
6/5/2018,54,19,1,16,0,14,0,4,0
6/6/2018,60,15,1,15,0,23,0,6,0
6/7/2018,73,24,0,19,0,24,0,6,0
6/8/2018,39,6,0,13,0,12,0,8,0
6/9/2018,42,12,0,15,0,10,0,5,0
6/10/2018,33,8,0,9,0,10,0,6,0
6/11/2018,71,18,0,19,0,23,1,10,0
06/12/18,43,9,0,17,0,11,0,6,0
06/13/18,34,15,0,12,0,4,0,3,0
06/14/18,76,20,0,27,0,24,0,5,0
06/15/18,68,19,0,17,0,20,0,12,0
06/16/18,34,17,0,8,0,5,0,4,0
06/17/18,62,11,1,17,0,24,0,9,0
06/18/18,31,7,0,12,0,11,0,1,0
06/19/18,61,9,1,23,0,20,0,8,0
06/20/18,78,29,0,20,0,19,0,10,0
06/21/18,61,15,0,27,0,15,0,4,0
06/22/18,75,23,0,21,0,21,0,10,0
06/23/18,61,12,0,16,0,27,0,6,0
06/24/18,36,5,0,9,0,17,0,5,0
06/25/18,55,13,0,21,0,17,0,4,0
06/26/18,62,16,0,16,0,24,0,6,0
06/27/18,63,16,0,23,0,18,0,6,0
06/28/18,42,11,0,11,0,16,0,4,0
06/29/18,49,13,0,16,0,12,0,8,0
06/30/18,74,19,0,21,0,22,1,11,0
7/1/2018,54,11,0,20,0,17,0,6,0
7/2/2018,42,10,0,16,0,10,0,6,0
7/3/2018,56,14,0,21,0,19,0,2,0
7/4/2018,43,14,0,18,0,8,0,3,0
7/5/2018,68,24,0,16,0,21,0,7,0
7/6/2018,57,18,0,19,0,13,0,6,1
7/7/2018,76,21,0,23,0,20,0,12,0
7/8/2018,35,11,0,11,0,9,0,4,0
7/9/2018,66,16,0,17,0,30,0,3,0
7/10/2018,61,11,0,22,0,23,0,5,0
7/11/2018,64,15,0,22,0,19,0,8,0
7/12/2018,62,15,0,18,0,20,0,9,0
07/13/18,53,11,0,11,0,20,0,11,0
07/14/18,69,19,0,19,0,21,0,10,0
07/15/18,31,8,0,9,0,11,0,3,0
07/16/18,40,15,0,11,0,10,0,4,0
07/17/18,49,11,0,17,1,16,0,4,0
07/18/18,63,19,0,20,0,18,0,6,0
07/19/18,68,14,0,27,0,20,0,7,0
07/20/18,56,14,0,20,0,15,0,7,0
07/21/18,32,11,0,7,0,10,0,4,0
07/22/18,77,16,0,23,0,26,0,12,0
07/23/18,53,16,0,16,0,15,0,6,0
07/24/18,40,12,1,7,0,14,0,6,0
07/25/18,60,10,0,20,1,23,0,6,0
07/26/18,50,13,0,15,0,14,0,8,0
07/27/18,48,13,0,15,0,14,0,6,0
07/28/18,66,17,0,17,0,23,0,9,0
07/29/18,41,9,0,11,0,15,0,6,0
07/30/18,69,19,0,14,0,28,0,8,0
07/31/18,65,20,0,18,0,21,0,6,0
8/1/2018,41,14,0,12,0,10,0,5,0
8/2/2018,31,2,0,13,0,14,0,2,0
8/3/2018,67,15,0,21,0,25,0,6,0
8/4/2018,55,13,0,20,0,18,0,4,0
8/5/2018,44,11,0,17,0,13,0,3,0
8/6/2018,45,10,0,16,0,13,0,6,0
8/7/2018,76,19,0,22,0,23,0,12,0
8/8/2018,51,12,0,18,0,19,0,2,0
8/9/2018,54,15,0,17,0,15,0,7,0
8/10/2018,60,22,0,18,0,14,0,6,0
8/11/2018,37,7,0,14,0,14,0,2,0
8/12/2018,39,10,0,13,0,13,0,3,0
08/13/18,34,7,0,9,0,16,0,2,0
08/14/18,50,11,0,19,0,16,0,4,0
08/15/18,64,26,0,12,0,18,0,8,0
08/16/18,69,17,0,20,0,18,1,13,0
08/17/18,70,10,1,25,0,28,0,6,0
08/18/18,47,14,0,10,0,18,0,5,0
08/19/18,32,7,0,10,0,12,0,3,0
08/20/18,45,13,0,17,0,11,0,4,0
08/21/18,77,28,0,21,0,22,0,6,0
08/22/18,29,2,0,13,0,11,0,3,0
08/23/18,42,15,0,16,0,9,0,2,0
08/24/18,36,12,0,15,0,8,0,1,0
08/25/18,33,8,0,9,0,7,0,9,0
08/26/18,42,7,0,14,1,17,0,3,0
08/27/18,31,10,0,10,0,7,1,3,0
08/28/18,73,22,0,16,2,21,0,12,0
08/29/18,53,16,0,17,0,14,0,6,0
08/30/18,70,19,0,20,0,27,0,4,0
8/31/2018,35,12,0,11,0,8,0,4,0
9/1/2018,38,12,0,13,0,12,0,1,0
9/2/2018,48,15,0,10,0,16,0,7,0
9/3/2018,72,24,0,21,0,20,0,7,0
9/4/2018,62,17,0,15,1,20,0,9,0
9/5/2018,60,15,0,17,0,18,0,10,0
9/6/2018,64,12,0,24,0,22,0,6,0
9/7/2018,61,18,0,16,0,18,0,9,0
9/8/2018,57,16,0,19,0,13,0,9,0
9/9/2018,41,12,0,13,0,13,0,3,0
9/10/2018,67,11,0,22,0,29,0,5,0
9/11/2018,65,21,0,13,0,27,0,4,0
09/12/18,76,17,0,23,0,27,0,9,0
09/13/18,73,22,0,16,0,26,0,9,0
09/14/18,59,19,0,13,1,14,0,12,0
09/15/18,58,18,0,13,0,17,0,10,0
09/16/18,36,10,0,9,0,12,0,5,0
09/17/18,52,12,0,19,0,14,0,7,0
09/18/18,79,19,0,20,0,31,0,9,0
09/19/18,38,12,0,11,0,12,0,3,0
09/20/18,43,10,0,11,0,16,0,6,0
09/21/18,49,11,0,19,0,12,0,7,0
09/22/18,60,14,0,23,0,18,0,5,0
09/23/18,30,6,1,7,0,7,0,9,0
09/24/18,60,12,0,19,0,17,0,12,0
09/25/18,68,18,0,24,0,21,0,5,0
09/26/18,40,8,0,17,0,9,0,6,0
09/27/18,60,17,0,15,0,20,0,8,0
09/28/18,35,5,1,17,0,7,0,5,0
09/29/18,40,15,0,10,0,11,0,4,0
09/30/18,76,20,0,24,0,22,0,10,0
10/1/2018,39,12,0,14,0,8,0,5,0
10/2/2018,50,10,0,18,0,15,0,7,0
10/3/2018,45,17,0,13,0,10,0,5,0
10/4/2018,33,11,0,6,0,10,0,6,0
10/5/2018,59,21,0,17,0,17,1,3,0
10/6/2018,52,9,0,16,0,22,0,5,0
10/7/2018,40,15,0,12,0,10,0,2,1
10/8/2018,66,20,0,15,1,22,0,8,0
10/9/2018,31,6,0,11,0,11,0,3,0
10/10/2018,52,15,0,19,0,14,0,4,0
10/11/2018,51,14,0,10,1,17,0,9,0
10/12/2018,40,12,0,7,0,13,0,8,0
10/13/18,47,15,0,16,0,12,0,4,0
10/14/18,69,20,0,22,0,24,0,3,0
10/15/18,48,16,0,14,0,15,1,2,0
10/16/18,30,6,0,12,0,9,0,3,0
10/17/18,77,26,0,25,1,14,0,11,0
10/18/18,43,13,0,9,0,16,0,5,0
10/19/18,53,16,0,18,0,13,0,6,0
10/20/18,57,21,0,14,0,16,0,6,0
10/21/18,57,17,0,21,0,14,0,5,0
10/22/18,75,13,0,24,0,30,0,8,0
10/23/18,65,20,1,17,0,20,0,7,0
10/24/18,32,8,0,8,0,13,0,3,0
10/25/18,78,20,0,28,0,21,0,9,0
10/26/18,79,21,0,25,0,21,0,12,0
10/27/18,70,22,0,20,0,21,0,7,0
10/28/18,34,11,0,7,0,13,0,3,0
10/29/18,33,7,0,14,0,9,0,3,0
10/30/18,32,7,0,8,0,13,0,4,0
10/31/2018,31,8,0,6,0,15,0,2,0
11/1/2018,43,15,0,11,0,9,0,8,0
11/2/2018,76,20,0,27,0,21,0,8,0
11/3/2018,69,19,0,18,0,27,1,4,0
11/4/2018,70,20,0,24,0,17,0,9,0
11/5/2018,28,6,0,7,0,14,0,1,0
11/6/2018,68,17,0,17,0,25,0,9,0
11/7/2018,32,7,0,8,0,13,0,4,0
11/8/2018,65,13,0,25,0,18,0,9,0
11/9/2018,40,14,0,11,0,12,0,3,0
11/10/2018,30,5,0,11,0,12,0,2,0
11/11/2018,64,15,0,23,0,18,0,8,0
11/12/18,78,23,0,22,0,24,0,9,0
11/13/18,47,9,0,17,0,16,0,5,0
11/14/18,52,14,0,17,0,11,0,10,0
11/15/18,45,8,0,13,0,17,0,7,0
11/16/18,73,16,0,22,0,30,0,5,0
11/17/18,72,22,1,20,0,24,0,5,0
11/18/18,59,17,0,21,0,19,0,2,0
11/19/18,48,14,0,14,0,11,0,9,0
11/20/18,51,10,0,17,0,16,0,8,0
11/21/18,62,20,0,13,0,22,0,7,0
11/22/18,64,14,0,11,0,24,0,15,0
11/23/18,38,9,0,10,0,14,0,5,0
11/24/18,64,15,0,20,0,19,0,9,1
11/25/18,39,12,0,11,0,16,0,0,0
11/26/18,37,11,0,11,0,13,0,2,0
11/27/18,55,17,0,21,0,13,0,4,0
11/28/18,43,14,0,14,0,11,0,4,0
11/29/18,64,27,0,21,0,13,0,3,0
11/30/18,32,8,0,12,0,5,0,7,0
12/1/2018,70,16,0,24,0,23,1,6,0
12/2/2018,78,21,0,26,0,27,0,4,0
12/3/2018,52,15,0,12,1,16,0,8,0
12/4/2018,37,7,0,14,0,12,0,4,0
12/5/2018,37,5,0,19,0,11,0,2,0
12/6/2018,71,22,0,26,0,16,0,7,0
12/7/2018,38,11,0,9,0,14,0,4,0
12/8/2018,62,7,0,27,0,20,0,8,0
12/9/2018,57,19,0,15,0,17,0,6,0
12/10/2018,57,20,0,11,0,19,1,6,0
12/11/2018,65,15,0,21,0,21,0,8,0
12/12/2018,71,25,0,16,0,21,1,8,0
12/13/18,70,18,0,23,0,14,0,15,0
12/14/18,45,12,0,11,0,15,0,7,0
12/15/18,33,8,0,11,0,11,0,3,0
12/16/18,55,11,0,18,0,20,0,6,0
12/17/18,48,13,0,12,0,17,0,6,0
12/18/18,48,17,0,15,0,13,0,3,0
12/19/18,58,14,0,18,0,16,0,10,0
12/20/18,52,11,0,17,0,19,0,4,1
12/21/18,68,17,0,21,0,19,0,11,0
12/22/18,55,12,0,19,0,14,0,10,0
12/23/18,64,16,0,21,0,19,0,8,0
12/24/18,51,17,0,10,0,17,0,7,0
12/25/18,59,17,0,15,0,16,0,11,0
12/26/18,33,9,0,9,0,13,0,2,0
12/27/18,64,15,0,25,0,19,0,5,0
12/28/18,63,17,1,17,1,18,0,9,0
12/29/18,43,8,0,11,0,18,0,6,0
12/30/18,34,8,0,10,1,9,0,6,0
12/31/18,34,6,0,13,0,9,0,6,0
1/1/2019,33,4,0,14,0,9,0,6,0
1/2/2019,60,18,0,15,0,21,0,6,0
1/3/2019,54,14,0,11,0,22,1,6,0
1/4/2019,45,18,0,13,0,8,0,6,0
1/5/2019,44,12,0,18,0,8,0,6,0
1/6/2019,53,14,0,17,0,16,0,6,0
1/7/2019,28,6,0,10,0,5,0,7,0
1/8/2019,48,15,0,15,0,13,0,5,0
1/9/2019,59,17,0,22,0,15,0,5,0
1/10/2019,65,12,0,20,0,27,0,6,0
1/11/2019,35,8,0,8,0,15,0,4,0
1/12/2019,33,11,0,9,0,11,0,2,0
01/13/19,58,17,0,9,0,25,0,7,0
01/14/19,33,6,0,15,0,6,0,6,0
01/15/19,37,8,0,19,0,6,0,4,0
01/16/19,63,11,0,20,0,26,0,6,0
01/17/19,47,17,0,11,0,17,0,2,0
01/18/19,28,13,0,7,0,7,0,1,0
01/19/19,66,14,0,22,0,26,0,4,0
01/20/19,48,12,0,13,0,15,0,8,0
01/21/19,69,18,0,15,1,24,0,11,0
01/22/19,66,23,0,22,0,18,0,3,0
01/23/19,36,12,0,4,0,16,0,4,0
01/24/19,32,10,0,12,0,8,0,2,0
01/25/19,53,18,0,16,0,12,0,7,0
01/26/19,69,20,0,18,0,24,0,7,0
01/27/19,65,20,0,20,0,16,0,9,0
01/28/19,45,15,0,13,0,14,0,3,0
1/29/2019,34,9,0,15,0,8,0,2,0
1/30/2019,40,7,0,11,0,17,0,5,0
1/31/2019,76,22,0,23,0,23,0,8,0
2/1/2019,39,11,0,16,0,9,0,3,0
2/2/2019,49,15,0,10,0,21,0,3,0
2/3/2019,52,12,0,24,0,11,0,5,0
2/4/2019,55,17,1,13,0,18,0,6,0
2/5/2019,64,23,0,15,0,22,0,4,0
2/6/2019,32,15,0,9,0,6,0,2,0
2/7/2019,30,8,0,8,0,9,0,5,0
2/8/2019,63,15,0,17,0,19,0,12,0
2/9/2019,39,10,0,7,0,15,0,7,0
02/10/19,64,16,0,19,0,24,0,5,0
02/11/19,46,13,0,10,0,20,0,3,0
02/12/19,42,16,0,10,0,13,0,3,0
02/13/19,75,14,1,23,0,30,0,7,0
02/14/19,75,26,0,16,0,30,0,3,0
02/15/19,72,23,0,14,0,20,0,14,1
02/16/19,59,16,0,22,0,18,0,3,0
02/17/19,48,14,0,13,0,19,0,2,0
02/18/19,29,7,0,7,0,12,0,3,0
02/19/19,70,15,0,22,0,24,0,9,0
02/20/19,43,13,0,10,0,14,0,6,0
02/21/19,47,12,0,11,0,17,0,7,0
02/22/19,66,19,0,17,0,20,0,10,0
02/23/19,70,20,0,18,0,25,0,7,0
02/24/19,71,22,0,20,0,21,0,8,0
02/25/19,42,6,0,9,0,22,0,5,0
02/26/19,70,18,0,25,0,19,0,8,0
02/27/19,62,16,0,19,0,21,0,6,0
02/28/19,34,13,0,9,0,9,0,3,0
3/1/2019,48,17,0,11,1,13,0,6,0
3/2/2019,30,8,1,8,0,10,0,3,0
3/3/2019,31,12,0,10,0,9,0,0,0
3/4/2019,56,12,0,15,0,23,0,6,0
3/5/2019,49,15,0,10,0,14,0,10,0
3/6/2019,56,13,0,15,0,21,0,7,0
3/7/2019,60,16,0,18,0,17,1,8,0
3/8/2019,62,17,0,22,0,19,0,3,1
3/9/2019,39,16,0,6,0,13,0,4,0
3/10/2019,59,15,0,10,0,29,0,5,0
3/11/2019,70,20,0,28,0,14,0,8,0
3/12/2019,48,22,0,15,0,8,0,3,0
03/13/19,72,23,0,23,0,22,0,4,0
03/14/19,42,22,0,10,0,8,0,2,0
03/15/19,38,10,0,11,0,12,0,5,0
03/16/19,42,12,0,14,0,9,0,7,0
03/17/19,38,13,0,11,0,10,0,4,0
03/18/19,36,11,0,11,0,13,0,1,0
03/19/19,48,8,0,22,0,12,0,6,0
03/20/19,31,10,0,7,0,9,0,5,0
03/21/19,58,15,0,21,0,18,0,4,0
03/22/19,43,14,0,10,1,14,0,4,0
03/23/19,68,18,0,24,0,22,0,4,0
03/24/19,55,12,0,23,0,16,0,4,0
03/25/19,30,5,0,10,0,7,0,8,0
03/26/19,45,14,0,12,0,15,0,4,0
03/27/19,51,14,0,19,0,12,0,6,0
03/28/19,71,19,0,21,0,23,0,8,0
03/29/19,56,14,0,19,0,14,0,9,0
03/30/19,58,16,0,21,0,18,0,3,0
3/31/2019,72,17,0,26,0,19,0,10,0
4/1/2019,30,7,0,9,0,5,0,9,0
4/2/2019,38,11,0,10,0,10,0,7,0
4/3/2019,31,13,0,7,0,10,0,1,0
4/4/2019,36,7,0,16,0,10,0,3,0
4/5/2019,37,7,0,13,0,12,0,5,0
4/6/2019,38,10,0,15,0,6,0,7,0
4/7/2019,65,14,0,18,0,21,1,11,0
4/8/2019,66,21,0,21,0,20,0,4,0
4/9/2019,50,12,0,15,0,18,0,5,0
4/10/2019,71,22,1,22,0,17,0,9,0
4/11/2019,43,7,0,13,0,17,0,5,1
04/12/19,43,12,0,13,0,13,1,4,0
04/13/19,46,10,0,10,1,14,2,9,0
04/14/19,31,6,0,11,0,10,0,4,0
04/15/19,77,20,0,26,1,25,0,5,0
04/16/19,62,15,2,14,0,25,0,6,0
04/17/19,67,17,1,21,0,20,1,7,0
04/18/19,57,16,1,15,1,16,1,7,0
04/19/19,30,8,0,7,0,5,1,9,0
04/20/19,46,10,0,15,0,17,0,4,0
04/21/19,39,12,0,9,1,13,0,4,0
04/22/19,71,17,1,17,0,30,0,6,0
04/23/19,42,10,0,11,1,13,0,7,0
04/24/19,43,12,0,15,1,10,0,5,0
04/25/19,74,20,0,27,0,20,0,7,0
04/26/19,33,14,0,14,0,3,0,2,0
04/27/19,60,10,0,22,0,19,0,9,0
04/28/19,36,9,0,10,0,15,0,2,0
04/29/19,63,12,0,23,0,23,0,5,0
04/30/19,49,12,1,17,0,14,0,5,0
5/1/2019,33,8,0,8,0,14,0,3,0
5/2/2019,64,12,0,26,0,17,0,9,0
5/3/2019,57,14,0,20,0,17,0,6,0
5/4/2019,58,20,0,13,1,17,0,7,0
5/5/2019,73,21,0,27,0,22,0,3,0
5/6/2019,45,14,0,15,2,9,0,5,0
5/7/2019,44,11,0,20,0,9,0,4,0
5/8/2019,38,14,0,10,0,13,0,1,0
5/9/2019,54,11,0,22,0,18,0,3,0
5/10/2019,38,15,0,7,0,13,0,3,0
5/11/2019,59,11,0,22,0,16,0,10,0
5/12/2019,77,24,0,16,0,25,0,12,0
05/13/19,48,16,0,12,0,18,1,1,0
05/14/19,27,9,0,4,0,9,0,5,0
05/15/19,30,9,0,7,0,9,0,5,0
05/16/19,77,17,0,29,0,26,0,5,0
05/17/19,38,11,0,4,0,19,0,3,1
05/18/19,68,29,0,13,1,20,0,5,0
05/19/19,56,14,0,17,0,17,0,8,0
05/20/19,44,11,0,19,0,11,0,3,0
05/21/19,63,12,0,20,0,23,0,8,0
05/22/19,59,15,0,22,0,18,0,4,0
05/23/19,61,16,0,24,0,18,0,3,0
05/24/19,74,14,0,22,0,28,0,9,1
05/25/19,56,11,0,17,0,26,0,2,0
05/26/19,30,10,0,4,0,12,0,4,0
05/27/19,28,6,0,9,0,11,0,2,0
05/28/19,41,12,0,9,1,14,0,5,0
05/29/19,39,11,0,13,0,11,0,4,0
05/30/19,43,9,1,10,0,20,1,2,0
5/31/2019,38,15,1,8,0,10,2,2,0
6/1/2019,46,12,0,9,0,17,0,8,0
6/2/2019,33,8,0,10,0,13,0,2,0
6/3/2019,45,8,0,18,0,13,0,6,0
6/4/2019,53,17,0,7,0,23,0,6,0
6/5/2019,50,12,0,14,0,15,1,8,0
6/6/2019,55,22,0,16,0,14,0,3,0
6/7/2019,67,13,0,26,0,21,0,7,0
6/8/2019,36,9,0,9,0,14,0,4,0
6/9/2019,42,18,0,15,1,3,0,5,0
6/10/2019,33,8,0,9,0,10,0,6,0
6/11/2019,71,21,0,21,0,18,0,11,0
06/12/19,40,6,0,13,0,15,0,6,0
06/13/19,34,13,0,8,0,9,0,4,0
06/14/19,68,18,0,22,0,21,0,7,0
06/15/19,67,18,1,20,0,16,0,12,0
06/16/19,34,5,0,14,0,10,0,5,0
06/17/19,59,17,1,11,0,23,0,7,0
06/18/19,29,11,0,12,0,5,0,1,0
06/19/19,61,15,0,17,0,20,0,9,0
06/20/19,73,23,0,16,0,27,0,7,0
06/21/19,61,13,0,18,0,25,0,5,0
06/22/19,73,19,0,18,0,24,0,12,0
06/23/19,55,16,0,17,0,16,0,6,0
06/24/19,37,11,0,10,0,11,0,5,0
06/25/19,51,12,0,13,0,21,0,5,0
06/26/19,60,22,0,16,0,17,0,5,0
06/27/19,63,12,0,18,0,23,0,10,0
06/28/19,42,7,0,13,0,15,0,7,0
06/29/19,44,11,0,14,0,13,0,6,0
06/30/19,76,16,0,31,0,16,0,13,0
7/1/2019,53,10,0,20,0,16,1,6,0
7/2/2019,42,11,0,14,0,8,0,9,0
7/3/2019,56,10,0,18,1,23,0,4,0
7/4/2019,43,11,0,9,0,15,0,8,0
7/5/2019,64,22,0,17,1,17,0,7,0
7/6/2019,53,14,0,16,0,18,0,4,1
7/7/2019,76,19,0,20,0,28,0,9,0
7/8/2019,30,7,0,7,0,12,0,4,0
7/9/2019,65,17,0,22,0,21,0,5,0
7/10/2019,63,15,0,18,0,19,0,11,0
7/11/2019,63,18,0,26,0,14,1,4,0
7/12/2019,59,17,0,18,0,19,0,5,0
07/13/19,49,12,0,9,0,20,0,7,1
07/14/19,69,17,0,21,0,20,0,11,0
07/15/19,31,11,0,4,0,10,0,6,0
07/16/19,40,11,0,17,0,10,0,2,0
07/17/19,45,9,0,16,0,15,0,5,0
07/18/19,58,20,0,19,0,11,0,8,0
07/19/19,59,21,0,25,0,8,0,5,0
07/20/19,54,14,0,19,0,13,0,8,0
07/21/19,34,11,0,9,0,10,0,4,0
07/22/19,71,26,0,19,0,20,0,6,0
07/23/19,52,15,0,13,0,19,0,5,0
07/24/19,38,6,0,15,0,13,1,3,0
07/25/19,56,14,0,14,0,19,0,9,0
07/26/19,49,17,0,12,0,16,0,4,0
07/27/19,48,9,0,20,0,14,0,5,0
07/28/19,63,15,0,21,0,18,0,9,0
07/29/19,39,15,0,11,0,10,0,3,0
07/30/19,68,20,0,17,0,26,0,5,0
07/31/19,63,15,0,21,0,21,1,5,0
8/1/2019,37,10,0,6,0,18,0,3,0
8/2/2019,29,8,0,9,0,8,0,4,0
8/3/2019,68,21,1,25,0,14,0,7,0
8/4/2019,52,10,0,22,0,16,0,4,0
8/5/2019,42,13,0,11,0,13,0,5,0
8/6/2019,44,19,0,13,0,11,0,1,0
8/7/2019,71,14,0,24,0,25,0,8,0
8/8/2019,48,12,0,18,0,10,0,8,0
8/9/2019,54,11,1,13,0,24,0,5,0
8/10/2019,62,17,0,21,1,14,0,9,0
8/11/2019,33,11,0,11,0,4,0,7,0
8/12/2019,38,10,0,14,0,9,0,5,0
08/13/19,30,9,0,11,0,9,0,1,0
08/14/19,50,16,0,16,0,12,0,6,0
08/15/19,62,16,0,15,0,25,0,6,0
08/16/19,62,23,0,17,0,17,0,5,0
08/17/19,66,16,0,17,0,20,0,13,0
08/18/19,45,12,0,9,0,16,0,8,0
08/19/19,30,12,0,7,0,8,0,3,0
08/20/19,42,16,0,9,0,12,0,5,0
08/21/19,72,11,0,22,0,28,1,10,0
08/22/19,28,5,0,10,0,9,0,4,0
08/23/19,42,10,0,15,1,11,0,5,0
08/24/19,37,12,0,12,0,12,0,1,0
08/25/19,31,9,0,6,0,11,0,5,0
08/26/19,41,11,0,12,0,14,0,4,0
08/27/19,29,4,0,10,0,9,0,6,0
08/28/19,67,16,0,27,0,19,0,5,0
08/29/19,50,14,0,17,0,15,0,4,0
08/30/19,69,21,0,21,0,21,0,6,0
8/31/2019,32,8,0,10,1,10,0,3,0
9/1/2019,32,7,0,9,0,13,0,3,0
9/2/2019,44,15,0,12,0,13,0,4,0
9/3/2019,71,17,1,13,0,28,0,12,0
9/4/2019,63,14,0,23,0,19,0,7,0
9/5/2019,57,16,0,19,0,15,0,7,0
9/6/2019,63,20,1,16,0,16,0,10,0
9/7/2019,58,16,0,22,0,15,0,5,0
9/8/2019,54,13,0,14,0,20,0,7,0
9/9/2019,42,9,1,14,0,16,0,2,0
9/10/2019,63,25,0,12,0,19,0,7,0
9/11/2019,61,16,0,20,0,16,0,9,0
09/12/19,70,16,0,23,0,20,0,11,0
09/13/19,67,19,0,22,0,19,0,7,0
09/14/19,60,17,0,16,1,14,0,12,0
09/15/19,60,13,0,19,0,23,0,5,0
09/16/19,36,8,0,13,0,13,0,2,0
09/17/19,47,14,0,11,0,17,0,5,0
09/18/19,71,25,0,20,0,18,0,8,0
09/19/19,37,6,0,11,0,16,0,4,0
09/20/19,40,10,0,14,0,12,0,4,0
09/21/19,49,16,0,14,0,12,0,7,0
09/22/19,60,14,0,19,0,19,0,8,0
09/23/19,31,8,0,8,0,12,0,3,0
09/24/19,59,18,0,19,0,15,0,7,0
09/25/19,64,11,0,20,0,26,0,7,0
09/26/19,43,15,0,12,0,12,0,4,0
09/27/19,59,19,0,20,0,16,0,4,0
09/28/19,34,6,0,15,0,8,0,5,0
09/29/19,41,7,0,13,0,17,0,4,0
09/30/19,74,23,0,18,0,23,0,10,0
10/1/2019,37,8,0,9,0,15,0,5,0
10/2/2019,47,8,0,13,0,22,0,4,0
10/3/2019,40,10,0,11,0,16,0,3,0
10/4/2019,32,11,0,7,0,12,0,2,0
10/5/2019,59,20,0,17,0,13,0,9,0
10/6/2019,51,18,1,11,0,13,0,8,0
10/7/2019,41,15,0,10,0,12,0,4,0
10/8/2019,63,17,0,15,0,22,0,9,0
10/9/2019,28,8,0,9,0,9,0,2,0
10/10/2019,49,24,0,10,0,10,0,5,0
10/11/2019,50,16,0,16,0,13,0,5,0
10/12/2019,39,6,0,19,0,11,0,3,0
10/13/19,48,15,0,17,0,13,0,3,0
10/14/19,69,20,0,17,0,24,1,7,0
10/15/19,46,7,0,20,1,14,0,4,0
10/16/19,28,7,0,9,0,9,0,3,0
10/17/19,70,15,0,25,0,21,0,9,0
10/18/19,44,14,0,14,0,14,0,2,0
10/19/19,54,17,0,19,0,11,0,7,0
10/20/19,56,14,0,15,0,19,0,8,0
10/21/19,55,16,0,15,0,18,0,6,0
10/22/19,70,17,0,24,0,22,0,7,0
10/23/19,65,15,0,19,0,18,0,13,0
10/24/19,31,5,0,8,0,11,0,7,0
10/25/19,73,24,0,21,0,19,0,9,0
10/26/19,77,17,0,21,0,33,0,5,1
10/27/19,68,22,0,22,0,18,0,6,0
10/28/19,33,6,0,11,0,10,0,6,0
10/29/19,32,5,0,11,0,13,0,3,0
10/30/19,32,5,0,11,0,14,0,2,0
10/31/2019,29,14,0,5,0,7,0,3,0
11/1/2019,41,7,0,17,0,14,0,3,0
11/2/2019,71,19,0,17,0,28,0,7,0
11/3/2019,64,22,0,18,0,18,0,6,0
11/4/2019,64,13,0,16,1,25,0,9,0
11/5/2019,27,8,0,11,0,7,0,1,0
11/6/2019,65,16,0,19,0,26,0,4,0
11/7/2019,32,7,0,6,0,13,0,6,0
11/8/2019,64,15,0,22,0,17,0,10,0
11/9/2019,40,13,1,18,0,5,0,3,0
11/10/2019,27,4,0,11,0,8,0,4,0
11/11/2019,62,12,0,23,0,19,0,8,0
11/12/19,75,25,0,12,0,26,1,11,0
11/13/19,45,14,0,11,0,12,0,8,0
11/14/19,51,16,0,9,0,22,0,4,0
11/15/19,45,7,0,17,0,16,0,5,0
11/16/19,72,24,0,17,0,24,0,7,0
11/17/19,69,19,0,20,0,23,1,6,0
11/18/19,58,15,0,12,1,19,0,11,0
11/19/19,46,14,0,13,0,12,0,7,0
11/20/19,51,18,0,12,0,16,0,5,0
11/21/19,57,16,0,17,0,19,0,5,0
11/22/19,62,16,0,19,0,22,0,5,0
11/23/19,37,10,0,14,0,7,0,6,0
11/24/19,61,25,0,10,0,20,0,6,0
11/25/19,39,9,0,14,0,11,0,5,0
11/26/19,36,5,0,12,0,13,0,6,0
11/27/19,53,15,1,16,0,15,0,6,0
11/28/19,40,10,0,9,0,18,0,3,0
11/29/19,60,14,0,15,0,21,0,10,0
11/30/19,31,7,0,11,0,8,0,5,0
12/1/2019,69,15,0,26,0,23,0,5,0
12/2/2019,71,22,0,21,0,17,0,11,0
12/3/2019,52,16,0,21,0,10,0,5,0
12/4/2019,33,10,0,9,0,12,0,2,0
12/5/2019,40,5,0,20,0,13,0,2,0
12/6/2019,77,23,0,30,0,18,0,6,0
12/7/2019,39,11,0,13,0,11,0,4,0
12/8/2019,63,12,0,21,0,22,0,8,0
12/9/2019,62,16,0,15,0,24,0,7,0
12/10/2019,66,17,0,20,0,22,1,6,0
12/11/2019,67,22,0,16,0,21,1,7,0
12/12/2019,75,18,0,22,0,19,0,16,0
12/13/19,75,19,0,23,0,22,0,11,0
12/14/19,49,10,0,17,0,18,0,4,0
12/15/19,33,7,0,7,0,14,0,5,0
12/16/19,61,17,0,18,0,17,0,9,0
12/17/19,50,16,0,14,0,14,0,6,0
12/18/19,49,11,0,19,0,14,0,5,0
12/19/19,58,15,0,14,0,20,0,8,1
12/20/19,52,13,0,16,0,14,0,9,0
12/21/19,75,21,0,26,0,19,0,9,0
12/22/19,60,19,0,16,0,17,0,8,0
12/23/19,69,26,0,11,0,20,0,12,0
12/24/19,61,17,0,21,0,18,0,5,0
12/25/19,63,15,0,22,0,21,0,5,0
12/26/19,37,9,1,11,0,10,0,6,0
12/27/19,65,14,0,22,1,16,0,12,0
12/28/19,67,9,0,22,1,21,0,14,0
12/29/19,43,11,0,16,0,14,0,2,0
12/30/19,34,11,0,6,0,13,0,4,0
12/31/19,38,11,0,8,0,14,0,5,0
1/1/2020,34,10,0,8,0,8,1,7,0
1/2/2020,60,19,0,22,0,10,0,9,0
1/3/2020,58,14,0,17,0,19,0,8,0
1/4/2020,46,10,0,16,0,13,0,7,0
1/5/2020,45,13,0,13,0,10,0,9,0
1/6/2020,56,15,0,16,0,22,0,3,0
1/7/2020,27,6,0,7,0,12,0,2,0
1/8/2020,53,12,0,16,0,19,0,6,0
1/9/2020,62,20,0,15,0,23,0,4,0
1/10/2020,67,15,0,24,0,17,0,11,0
1/11/2020,40,6,0,19,0,10,0,5,0
1/12/2020,34,8,0,8,0,13,0,5,0
01/13/20,59,28,0,15,0,13,0,3,0
01/14/20,33,6,0,11,0,12,0,4,0
01/15/20,39,12,0,14,0,13,0,0,0
01/16/20,65,14,0,19,0,20,0,12,0
01/17/20,53,16,0,10,1,18,0,8,0
01/18/20,30,8,0,10,0,9,0,3,0
01/19/20,70,22,0,19,0,25,0,4,0
01/20/20,50,18,0,13,0,14,0,5,0
01/21/20,76,21,0,25,0,23,0,7,0
01/22/20,71,24,0,15,0,21,0,11,0
01/23/20,38,10,0,14,0,12,0,2,0
01/24/20,32,9,0,13,0,8,0,2,0
01/25/20,58,13,0,16,0,24,0,5,0
01/26/20,73,23,0,22,0,21,0,7,0
01/27/20,68,20,0,20,0,22,0,6,0
01/28/20,47,9,0,22,0,12,0,4,0
1/29/2020,35,8,0,11,0,13,0,3,0
1/30/2020,47,20,1,8,0,13,0,5,0
1/31/2020,80,32,0,19,0,24,0,5,0
2/1/2020,40,12,0,11,0,11,0,6,0
2/2/2020,51,12,0,13,0,17,0,9,0
2/3/2020,54,13,0,12,0,25,0,4,0
2/4/2020,55,15,0,15,0,21,0,4,0
2/5/2020,68,24,0,17,0,22,0,5,0
2/6/2020,33,5,0,8,0,16,0,4,0
2/7/2020,32,5,1,12,0,11,0,3,0
2/8/2020,65,23,0,15,0,24,0,3,0
2/9/2020,40,9,0,7,0,14,0,10,0
02/10/20,65,25,0,18,0,18,0,3,1
02/11/20,49,15,0,17,0,14,0,3,0
02/12/20,44,13,0,9,0,20,0,2,0
02/13/20,74,15,0,25,0,25,0,9,0
02/14/20,76,24,0,15,0,28,0,9,0
02/15/20,77,24,0,17,0,23,0,13,0
02/16/20,59,17,0,19,0,20,0,3,0
02/17/20,50,17,0,16,0,9,0,8,0
02/18/20,30,7,0,5,0,15,0,3,0
02/19/20,73,19,0,20,0,26,0,8,0
02/20/20,44,8,0,15,0,17,0,4,0
02/21/20,51,14,0,15,0,18,0,4,0
02/22/20,67,25,0,16,1,18,0,7,0
02/23/20,79,24,1,27,0,23,0,4,0
02/24/20,78,16,0,17,0,33,0,12,0
02/25/20,44,15,0,10,0,14,0,5,0
02/26/20,71,22,0,20,0,19,1,9,0
02/27/20,65,17,0,26,0,18,0,3,1
02/28/20,36,16,0,5,0,12,0,3,0
2/29/2020,51,16,0,7,0,24,0,4,0
3/1/2020,31,7,0,11,0,8,0,5,0
3/2/2020,35,9,0,12,0,9,0,5,0
3/3/2020,59,28,0,21,0,7,0,3,0
3/4/2020,53,17,0,19,0,14,0,3,0
3/5/2020,62,26,0,15,0,17,0,4,0
3/6/2020,60,18,0,22,0,11,0,9,0
3/7/2020,66,20,0,21,0,18,0,7,0
3/8/2020,40,6,0,18,0,11,0,5,0
3/9/2020,63,18,0,22,0,17,0,6,0
3/10/2020,76,21,0,24,1,24,0,6,0
3/11/2020,51,15,0,16,0,15,0,5,0
03/12/20,78,14,0,33,0,25,0,6,0
03/13/20,44,12,0,14,0,8,0,10,0
03/14/20,39,12,0,11,0,13,0,3,0
03/15/20,46,13,0,16,0,10,0,7,0
03/16/20,40,14,0,11,0,12,0,3,0
03/17/20,37,12,0,7,0,14,0,4,0
03/18/20,50,10,0,18,0,16,0,6,0
03/19/20,36,11,0,12,0,10,0,3,0
03/20/20,62,12,0,23,0,17,0,10,0
03/21/20,43,10,0,14,0,9,0,10,0
03/22/20,71,21,0,24,0,19,0,7,0
03/23/20,54,10,0,20,0,18,0,6,0
03/24/20,31,8,0,12,0,6,0,5,0
03/25/20,46,11,0,11,0,10,1,13,0
03/26/20,54,16,0,17,0,18,0,3,0
03/27/20,71,19,0,22,0,24,0,6,0
03/28/20,62,17,1,20,0,16,0,7,1
03/29/20,63,13,0,20,0,20,1,8,1
3/30/2020,78,22,0,20,1,23,1,11,0
3/31/2020,31,8,0,11,0,9,1,2,0
4/1/2020,40,8,0,15,1,14,0,2,0
4/2/2020,31,9,0,9,0,7,0,6,0
4/3/2020,36,11,0,7,0,15,0,3,0
4/4/2020,39,4,1,13,0,18,1,2,0
4/5/2020,38,13,1,11,0,8,0,5,0
4/6/2020,69,17,1,22,0,18,1,10,0
4/7/2020,72,17,0,20,0,24,1,10,0
4/8/2020,47,18,0,10,1,15,0,3,0
4/9/2020,77,13,0,21,1,33,0,9,0
4/10/2020,43,12,0,16,1,10,0,4,0
04/11/20,45,14,0,16,0,12,0,3,0
04/12/20,49,14,0,15,0,13,0,7,0
04/13/20,33,6,0,10,0,14,0,3,0
04/14/20,76,20,1,15,1,30,1,8,0
04/15/20,65,17,2,22,0,18,0,6,0
04/16/20,67,20,0,18,0,20,1,8,0
04/17/20,60,20,0,16,1,15,0,8,0
04/18/20,35,10,0,9,1,10,0,5,0
04/19/20,49,10,0,18,0,13,0,8,0
04/20/20,41,12,0,10,0,15,0,4,0
04/21/20,73,15,2,22,0,27,0,6,1
04/22/20,43,10,0,10,0,18,1,4,0
04/23/20,43,9,0,15,0,12,0,6,1
04/24/20,75,19,0,29,0,18,1,8,0
04/25/20,35,12,0,8,0,13,0,2,0
04/26/20,67,16,0,25,0,16,0,10,0
04/27/20,39,11,0,14,0,10,0,4,0
04/28/20,68,19,0,18,1,18,1,11,0
04/29/20,51,15,0,15,1,17,0,3,0
4/30/2020,34,8,1,12,0,10,0,3,0
5/1/2020,67,16,1,21,0,21,0,8,0
5/2/2020,62,23,0,17,0,17,0,5,0
5/3/2020,63,16,0,17,0,20,1,9,0
5/4/2020,78,19,0,16,0,34,0,9,0
5/5/2020,44,12,0,12,0,12,0,8,0
5/6/2020,46,12,0,13,0,15,1,5,0
5/7/2020,40,13,0,9,0,14,0,4,0
5/8/2020,64,19,0,22,0,16,0,7,0
5/9/2020,41,12,0,12,0,8,0,9,0
5/10/2020,62,17,0,17,0,23,0,5,0
5/11/2020,78,22,0,25,1,23,1,6,0
05/12/20,55,12,0,18,0,19,0,6,0
05/13/20,30,9,0,14,0,6,0,1,0
05/14/20,31,11,0,9,0,7,1,3,0
05/15/20,80,18,0,22,1,32,0,7,0
05/16/20,40,11,0,16,1,10,0,2,0
05/17/20,70,12,0,22,0,25,0,11,0
05/18/20,55,14,0,15,0,18,0,8,0
05/19/20,45,16,0,12,0,15,0,2,0
05/20/20,64,18,0,19,1,23,0,3,0
05/21/20,70,18,0,18,0,25,0,8,1
05/22/20,64,17,0,20,0,23,0,4,0
05/23/20,78,15,0,22,0,28,0,13,0
05/24/20,58,20,0,10,0,16,0,12,0
05/25/20,31,10,0,12,0,8,0,1,0
05/26/20,32,6,0,13,0,12,0,1,0
05/27/20,44,13,0,13,0,12,0,6,0
05/28/20,42,11,0,11,0,16,0,4,0
05/29/20,43,13,0,15,0,13,0,2,0
5/30/2020,40,8,0,14,0,11,0,7,0
5/31/2020,47,9,0,10,0,17,0,11,0
6/1/2020,34,14,0,9,0,8,0,3,0
6/2/2020,46,12,0,12,0,18,0,4,0
6/3/2020,56,20,0,18,0,17,0,1,0
6/4/2020,56,14,0,17,0,18,0,7,0
6/5/2020,60,24,0,13,1,15,0,7,0
6/6/2020,72,22,0,18,0,18,0,14,0
6/7/2020,41,11,0,14,0,14,0,2,0
6/8/2020,45,16,0,13,0,13,0,3,0
6/9/2020,34,9,0,5,1,13,0,6,0
6/10/2020,74,18,1,25,0,22,0,8,0
06/11/20,43,12,0,11,0,11,1,8,0
06/12/20,35,7,0,12,0,10,0,6,0
06/13/20,74,21,1,17,1,23,0,10,1
06/14/20,69,19,0,25,0,18,0,7,0
06/15/20,34,10,0,10,0,10,0,4,0
06/16/20,61,19,0,20,0,15,0,7,0
06/17/20,31,11,0,8,0,9,0,3,0
06/18/20,60,23,1,11,1,18,0,6,0
06/19/20,77,25,0,21,0,22,1,8,0
06/20/20,65,18,2,21,0,17,0,7,0
06/21/20,77,25,0,18,0,25,0,9,0
06/22/20,62,20,0,18,0,18,1,5,0
06/23/20,35,6,0,8,0,15,0,6,0
06/24/20,53,19,0,13,0,13,0,7,1
06/25/20,61,9,0,19,0,22,0,11,0
06/26/20,64,12,0,20,0,24,0,8,0
06/27/20,43,14,0,12,0,14,0,3,0
06/28/20,50,10,0,19,0,18,0,3,0
06/29/20,79,24,0,27,0,19,0,9,0
6/30/2020,54,14,0,15,0,16,0,9,0
7/1/2020,43,11,0,11,0,14,0,7,0
7/2/2020,56,12,0,14,0,24,0,6,0
7/3/2020,44,10,0,13,0,11,0,10,0
7/4/2020,68,13,0,29,0,16,0,10,0
7/5/2020,57,15,0,17,0,17,0,8,0
7/6/2020,75,23,0,18,0,25,1,8,0
7/7/2020,36,13,0,11,0,4,0,8,0
7/8/2020,66,20,0,22,0,20,1,3,0
7/9/2020,66,16,0,24,0,22,0,4,0
7/10/2020,66,20,0,21,0,23,0,2,0
7/11/2020,62,13,0,21,0,18,0,10,0
07/12/20,52,11,0,11,0,23,0,7,0
07/13/20,70,19,0,19,0,24,0,8,0
07/14/20,31,4,1,11,0,12,0,3,0
07/15/20,40,12,0,12,0,12,0,4,0
07/16/20,48,12,1,14,0,12,0,9,0
07/17/20,62,19,0,21,0,17,0,5,0
07/18/20,67,22,0,21,0,16,0,8,0
07/19/20,55,18,0,15,0,17,0,5,0
07/20/20,35,10,0,9,0,9,0,7,0
07/21/20,78,15,1,29,0,25,0,8,0
07/22/20,53,18,1,14,0,14,0,6,0
07/23/20,41,11,0,15,0,10,1,4,0
07/24/20,60,14,0,17,0,22,0,7,0
07/25/20,53,15,0,12,0,15,0,11,0
07/26/20,49,15,0,16,0,14,0,4,0
07/27/20,68,12,0,22,1,21,0,12,0
07/28/20,40,14,0,9,0,9,1,7,0
07/29/20,69,18,0,16,0,24,0,11,0
07/30/20,68,28,0,15,0,19,0,6,0
7/31/2020,41,10,0,14,0,11,0,6,0
8/1/2020,32,9,0,10,0,10,0,3,0
8/2/2020,69,22,0,20,0,23,0,4,0
8/3/2020,56,14,0,18,0,15,0,9,0
8/4/2020,44,10,1,17,0,11,0,5,0
8/5/2020,45,7,0,17,1,11,0,9,0
8/6/2020,77,18,1,26,0,29,0,3,0
8/7/2020,52,11,0,15,0,19,0,7,0
8/8/2020,57,14,0,18,0,20,1,4,0
8/9/2020,62,22,0,22,0,14,0,4,0
8/10/2020,37,8,0,11,0,12,0,6,0
8/11/2020,39,16,0,8,0,10,0,5,0
08/12/20,34,7,0,10,0,10,0,7,0
08/13/20,51,17,0,19,0,11,0,4,0
08/14/20,65,21,0,15,0,22,0,7,0
08/15/20,69,15,1,16,0,21,0,16,0
08/16/20,70,18,0,18,0,24,0,9,1
08/17/20,48,14,0,18,0,13,0,3,0
08/18/20,31,8,0,10,0,12,0,1,0
08/19/20,46,6,0,14,0,19,0,7,0
08/20/20,77,23,0,23,0,22,1,8,0
08/21/20,30,10,0,7,0,11,0,2,0
08/22/20,44,12,0,12,0,14,0,6,0
08/23/20,38,10,0,15,0,10,0,3,0
08/24/20,34,9,0,8,0,12,0,5,0
08/25/20,41,8,0,16,0,11,1,4,1
08/26/20,32,11,0,12,0,6,0,3,0
08/27/20,70,14,0,24,0,24,0,8,0
08/28/20,54,16,1,23,0,9,0,5,0
08/29/20,72,18,0,20,1,25,0,7,1
8/30/2020,34,5,0,14,0,11,0,4,0
8/31/2020,37,13,0,8,0,13,0,3,0
9/1/2020,48,20,0,13,0,11,0,4,0
9/2/2020,73,15,0,14,0,33,0,11,0
9/3/2020,65,15,0,17,0,24,0,9,0
9/4/2020,62,21,0,17,0,21,0,3,0
9/5/2020,64,13,0,27,0,19,0,5,0
9/6/2020,61,8,0,25,0,27,0,1,0
9/7/2020,58,16,0,14,0,19,0,9,0
9/8/2020,42,8,0,18,1,11,0,4,0
9/9/2020,68,28,0,14,0,17,0,9,0
9/10/2020,66,27,0,18,0,18,0,3,0
09/11/20,75,21,0,25,0,22,0,7,0
09/12/20,71,17,0,18,0,26,0,10,0
09/13/20,59,15,0,21,0,15,0,8,0
09/14/20,61,13,1,21,0,17,0,9,0
09/15/20,35,8,0,13,0,12,0,1,1
09/16/20,51,16,0,14,0,14,2,5,0
09/17/20,79,28,0,21,2,18,0,10,0
09/18/20,37,10,0,10,0,16,0,1,0
09/19/20,43,15,0,10,0,11,0,7,0
09/20/20,50,14,0,13,1,19,0,3,0
09/21/20,63,19,1,19,0,16,0,8,0
09/22/20,31,9,0,15,0,7,0,0,0
09/23/20,60,11,0,20,0,24,0,5,0
09/24/20,66,19,0,26,1,16,0,4,0
09/25/20,41,5,0,17,0,15,0,4,0
09/26/20,61,16,0,25,0,15,0,5,0
09/27/20,35,14,0,10,0,10,0,1,0
09/28/20,39,6,0,15,0,12,0,6,0
09/29/20,76,16,0,26,0,27,0,7,0
9/30/2020,40,11,0,8,0,16,0,5,0
10/1/2020,49,12,0,16,0,15,1,5,0
10/2/2020,45,12,0,14,0,14,0,5,0
10/3/2020,33,13,0,5,0,11,1,3,0
10/4/2020,59,15,0,19,0,16,0,9,0
10/5/2020,52,12,0,19,0,11,0,10,0
10/6/2020,41,10,0,10,0,14,0,7,0
10/7/2020,66,13,0,21,0,24,0,8,0
10/8/2020,30,8,0,8,0,12,0,2,0
10/9/2020,54,16,0,16,0,14,0,8,0
10/10/2020,50,15,0,15,0,13,0,7,0
10/11/2020,41,10,0,14,0,14,0,3,0
10/12/20,49,13,0,11,0,18,0,6,1
10/13/20,69,18,0,21,0,18,0,12,0
10/14/20,48,12,0,20,0,10,0,6,0
10/15/20,29,10,0,7,0,9,0,3,0
10/16/20,77,25,0,19,0,22,0,11,0
10/17/20,43,14,0,7,0,13,0,9,0
10/18/20,54,15,0,17,0,18,0,4,0
10/19/20,58,15,0,23,0,16,0,4,0
10/20/20,57,12,1,19,1,16,0,8,0
10/21/20,74,15,0,21,1,21,0,16,0
10/22/20,67,10,0,26,0,19,0,12,0
10/23/20,32,8,0,11,0,11,0,2,0
10/24/20,78,26,0,12,0,29,1,10,0
10/25/20,76,22,0,26,0,14,0,14,0
10/26/20,71,16,0,23,0,21,0,11,0
10/27/20,32,9,0,8,0,11,0,4,0
10/28/20,32,10,0,9,0,7,0,6,0
10/29/20,32,7,0,14,0,7,0,4,0
10/30/2020,30,9,0,6,0,14,0,1,0
10/31/2020,42,9,0,10,0,19,0,4,0
11/1/2020,77,19,0,24,0,27,0,7,0
11/2/2020,70,20,0,13,0,25,0,12,0
11/3/2020,71,14,0,36,0,14,0,7,0
11/4/2020,30,6,0,7,0,13,0,4,0
11/5/2020,68,30,0,19,0,15,0,4,0
11/6/2020,32,5,0,11,0,12,0,4,0
11/7/2020,65,15,0,22,0,22,0,6,0
11/8/2020,43,11,0,12,0,13,0,7,0
11/9/2020,30,12,0,7,0,6,0,5,0
11/10/2020,63,14,0,19,1,24,0,5,0
11/11/20,78,26,0,20,0,27,0,5,0
11/12/20,49,16,0,12,0,14,0,7,0
11/13/20,52,12,0,17,0,18,0,5,0
11/14/20,46,15,0,11,0,12,0,8,0
11/15/20,75,25,0,21,0,22,0,7,0
11/16/20,72,14,0,26,0,26,0,6,0
11/17/20,61,18,0,21,0,15,0,7,0
11/18/20,47,15,0,12,0,17,0,3,0
11/19/20,53,17,0,12,0,19,0,5,0
11/20/20,62,14,0,27,0,15,0,6,0
11/21/20,66,24,1,14,0,21,0,6,0
11/22/20,39,15,0,8,0,14,0,2,0
11/23/20,64,23,0,18,0,18,0,5,0
11/24/20,39,12,0,10,0,9,0,8,0
11/25/20,35,7,0,9,0,14,1,5,0
11/26/20,55,14,0,12,0,24,0,5,0
11/27/20,44,11,0,12,0,18,0,3,0
11/28/20,65,24,0,16,0,20,0,5,0
11/29/20,30,4,0,8,0,14,0,4,0
11/30/2020,70,18,1,21,0,25,0,5,0
12/1/2020,74,23,0,14,0,26,0,10,1
12/2/2020,53,19,0,14,0,18,0,8,0
12/3/2020,45,20,1,16,1,25,1,6,1
